c,c**2,diff**2,diff,S,z,Q
119309,14234637481,9628609.0,3103.0,"[20618, 61206, 37485]",[1 0 1],"[[-2.03481104e+09  1.26194531e+09  7.72865730e+08]
 [ 1.26194531e+09 -3.55625222e+09  2.29430691e+09]
 [ 7.72865730e+08  2.29430691e+09 -3.06717264e+09]]"
