,Solution,Cost,Fixed solution,Fixed cost,Response time,Total time,Response
Bruteforce,[0 1 2],16.03,[],[],6.127357482910156e-05,0.00013256072998046875,[]
D-Wave,"[2, 0, 1]",16.03,"[2, 0, 1]",16.03,0:00:02,0:00:02,[0 0 1 1 0 0 0 1 0]
Hybrid,"[1, 0, 2]",16.03,"[1, 0, 2]",16.03,0:00:09,0:00:07,[0 1 0 1 0 0 0 0 1]
QALS,"[1, 0, 0]",14.262883827887704,"[1, 0, 2]",16.03,0:00:00,0:00:11,[0 1 0 1 0 0 1 0 0]
