i,f',f*,p,e,d,lambda,z',z*
1,388.4468160371413,388.4468160371413,1,0,0,0.75,[1 1 1 1 0 1 0 1 1],[0 1 0 1 0 1 1 1 1]
