,Solution,Cost,Fixed solution,Fixed cost,Response time,Total time,Response
Bruteforce,[0 1 2],16.03,[],[],4.744529724121094e-05,9.560585021972656e-05,[]
D-Wave,"[1, 0, 2]",16.03,"[1, 0, 2]",16.03,0:00:02,0:00:02,[0 1 0 1 0 0 0 0 1]
Hybrid,"[0, 2, 1]",16.03,"[0, 2, 1]",16.03,0:00:09,0:00:07,[1 0 0 0 0 1 0 1 0]
QALS,"[0, 0]",0.0,"[2, 0, 1]",16.03,0:00:00,0:00:06,[1 0 0 1 0 0 0 0 0]
