,Solution,Cost,Fixed solution,Fixed cost,Response time,Total time,Response
Bruteforce,[0 1 2],16.03,[],[],4.076957702636719e-05,8.893013000488281e-05,[]
D-Wave,"[2, 1, 0]",16.03,"[2, 1, 0]",16.03,0:00:02,0:00:02,[0 0 1 0 1 0 1 0 0]
Hybrid,"[2, 1, 0]",16.03,"[2, 1, 0]",16.03,0:00:09,0:00:06,[0 0 1 0 1 0 1 0 0]
QALS,"[2, 0]",3.9086480091192755,"[1, 2, 0]",16.03,0:00:00,0:00:04,[0 0 0 0 0 1 1 0 0]
